Timestamp,Ward,Human_Population,Animal_Population,Avg_Transport_Distance_km,Feedstock_Type,Feed_Rate_kg_hr,Digester_Temp_C,pH,CH4_percent,Gas_Flow_m3_hr,C_N_Ratio,Methane_m3_hr,Methane_kg_hr,CO2e_Reduction_kg_hr,Yield_Status
2025-03-01 00:00:00,Rural Fringe,145000,6200,5.79,Cattle_Dung,553,39.32,6.89,58.71,42.55,28.02,24.98,17.89,500.92,Warning
2025-03-01 01:00:00,Solapur Market,145000,55000,6.85,Poultry_Litter,429,39.46,7.65,55.55,43.4,18.04,24.11,17.26,483.28,Critical
2025-03-01 02:00:00,MIDC Area,185000,22000,8.35,Veg_Market_Waste,510,39.07,7.34,61.31,43.78,29.17,26.84,19.22,538.16,Normal
2025-03-01 03:00:00,Solapur Market,145000,55000,2.85,Veg_Market_Waste,472,36.45,6.7,56.38,54.03,20.42,30.46,21.81,610.68,Warning
2025-03-01 04:00:00,Solapur Market,95000,6200,8.81,Cattle_Dung,551,39.18,6.5,55.07,56.3,25.18,31.0,22.2,621.6,Critical
2025-03-01 05:00:00,South Solapur,60000,6200,7.97,Veg_Market_Waste,403,39.67,6.46,63.48,51.66,23.41,32.79,23.48,657.44,Critical
2025-03-01 06:00:00,MIDC Area,185000,55000,5.27,Poultry_Litter,439,38.4,6.96,59.06,58.24,27.36,34.4,24.63,689.64,Warning
2025-03-01 07:00:00,MIDC Area,60000,42000,9.46,Veg_Market_Waste,501,39.76,6.8,62.24,61.81,22.83,38.47,27.54,771.12,Warning
2025-03-01 08:00:00,MIDC Area,145000,18500,9.93,Poultry_Litter,510,39.31,7.37,57.2,58.04,29.31,33.2,23.77,665.56,Normal
2025-03-01 09:00:00,Solapur Market,145000,42000,3.64,Cattle_Dung,527,38.67,7.15,62.66,55.29,27.5,34.64,24.8,694.4,Normal
2025-03-01 10:00:00,Rural Fringe,185000,42000,5.03,Mixed_Organic,425,38.31,6.8,55.23,51.71,26.42,28.56,20.45,572.6,Critical
2025-03-01 11:00:00,MIDC Area,95000,42000,9.41,Veg_Market_Waste,394,37.39,6.62,57.92,49.87,28.35,28.88,20.68,579.04,Critical
2025-03-01 12:00:00,Solapur Market,210000,22000,7.77,Mixed_Organic,532,36.64,6.59,64.76,41.86,27.8,27.11,19.41,543.48,Critical
2025-03-01 13:00:00,South Solapur,185000,6200,2.38,Poultry_Litter,396,38.42,7.7,62.73,48.79,18.47,30.61,21.92,613.76,Normal
2025-03-01 14:00:00,Rural Fringe,210000,42000,8.25,Veg_Market_Waste,505,37.27,6.77,59.47,60.02,23.13,35.69,25.55,715.4,Warning
2025-03-01 15:00:00,South Solapur,210000,6200,8.62,Sugarcane_Press_Mud,463,39.47,7.38,57.74,57.78,30.1,33.36,23.89,668.92,Normal
2025-03-01 16:00:00,Rural Fringe,95000,55000,8.0,Mixed_Organic,388,39.97,7.62,63.59,44.75,19.63,28.46,20.38,570.64,Normal
2025-03-01 17:00:00,Solapur Market,210000,18500,8.4,Veg_Market_Waste,545,39.01,7.32,59.99,50.27,27.58,30.16,21.59,604.52,Normal
2025-03-01 18:00:00,North Solapur,210000,55000,8.6,Mixed_Organic,555,36.36,7.69,62.34,57.97,30.67,36.14,25.88,724.64,Normal
2025-03-01 19:00:00,Rural Fringe,95000,55000,3.49,Veg_Market_Waste,442,37.15,6.99,62.3,41.48,18.68,25.84,18.5,518.0,Warning
2025-03-01 20:00:00,South Solapur,210000,22000,3.89,Cattle_Dung,496,36.44,7.83,54.2,48.52,26.87,26.3,18.83,527.24,Critical
2025-03-01 21:00:00,Solapur Market,210000,18500,7.07,Mixed_Organic,509,38.6,6.6,55.39,58.74,24.09,32.54,23.3,652.4,Critical
2025-03-01 22:00:00,Rural Fringe,210000,55000,9.26,Sugarcane_Press_Mud,467,39.06,6.55,61.26,48.89,25.53,29.95,21.44,600.32,Critical
2025-03-01 23:00:00,North Solapur,185000,55000,4.53,Sugarcane_Press_Mud,451,39.7,7.39,55.78,41.71,19.11,23.27,16.66,466.48,Critical
2025-03-02 00:00:00,North Solapur,185000,18500,6.71,Poultry_Litter,518,37.75,7.81,56.81,51.94,18.56,29.51,21.13,591.64,Normal
2025-03-02 01:00:00,MIDC Area,185000,18500,7.46,Veg_Market_Waste,443,39.61,7.61,64.41,58.96,26.67,37.98,27.19,761.32,Normal
2025-03-02 02:00:00,MIDC Area,95000,55000,5.62,Mixed_Organic,451,39.51,6.51,60.16,52.99,28.7,31.88,22.83,639.24,Critical
2025-03-02 03:00:00,South Solapur,145000,18500,7.71,Poultry_Litter,400,37.27,6.82,62.26,44.98,28.17,28.0,20.05,561.4,Warning
2025-03-02 04:00:00,Rural Fringe,210000,55000,9.2,Mixed_Organic,397,39.48,7.8,60.14,48.45,25.07,29.14,20.86,584.08,Normal
2025-03-02 05:00:00,Rural Fringe,210000,55000,6.99,Veg_Market_Waste,443,37.5,6.78,60.08,49.9,19.3,29.98,21.47,601.16,Warning
2025-03-02 06:00:00,MIDC Area,95000,22000,6.32,Sugarcane_Press_Mud,461,37.19,7.57,55.04,52.74,26.94,29.03,20.79,582.12,Critical
2025-03-02 07:00:00,Rural Fringe,210000,42000,5.51,Cattle_Dung,489,38.6,7.64,57.78,56.71,21.14,32.77,23.46,656.88,Normal
2025-03-02 08:00:00,Rural Fringe,185000,55000,6.62,Sugarcane_Press_Mud,474,37.31,7.14,57.11,42.18,29.84,24.09,17.25,483.0,Normal
2025-03-02 09:00:00,North Solapur,145000,6200,4.84,Poultry_Litter,545,38.52,6.98,58.3,59.57,28.9,34.73,24.87,696.36,Warning
2025-03-02 10:00:00,MIDC Area,60000,42000,5.13,Cattle_Dung,411,38.44,7.08,62.78,40.27,27.22,25.28,18.1,506.8,Normal
2025-03-02 11:00:00,Solapur Market,210000,42000,6.25,Poultry_Litter,390,38.25,6.74,58.09,48.14,30.33,27.96,20.02,560.56,Warning
2025-03-02 12:00:00,MIDC Area,185000,42000,2.53,Veg_Market_Waste,424,37.52,7.73,58.97,40.6,18.41,23.94,17.14,479.92,Normal
2025-03-02 13:00:00,Solapur Market,60000,22000,3.83,Cattle_Dung,412,38.19,7.08,58.37,48.65,27.57,28.4,20.33,569.24,Normal
2025-03-02 14:00:00,North Solapur,145000,55000,6.34,Poultry_Litter,481,38.39,7.72,55.03,51.57,22.29,28.38,20.32,568.96,Critical
2025-03-02 15:00:00,South Solapur,60000,22000,5.45,Veg_Market_Waste,548,38.18,6.56,58.85,51.26,29.78,30.17,21.6,604.8,Critical
2025-03-02 16:00:00,Rural Fringe,185000,55000,4.66,Sugarcane_Press_Mud,515,37.78,7.88,56.15,43.64,21.47,24.5,17.54,491.12,Normal
2025-03-02 17:00:00,North Solapur,60000,22000,7.84,Veg_Market_Waste,390,36.06,7.06,56.05,54.21,27.42,30.38,21.75,609.0,Normal
2025-03-02 18:00:00,Rural Fringe,95000,22000,7.55,Mixed_Organic,558,38.35,6.47,55.03,40.99,29.41,22.56,16.15,452.2,Critical
2025-03-02 19:00:00,South Solapur,60000,6200,3.33,Veg_Market_Waste,467,36.67,6.46,57.92,56.76,18.54,32.88,23.54,659.12,Critical
2025-03-02 20:00:00,South Solapur,210000,22000,9.03,Veg_Market_Waste,420,38.57,7.52,62.33,60.83,23.17,37.92,27.15,760.2,Normal
2025-03-02 21:00:00,North Solapur,210000,18500,5.96,Mixed_Organic,524,39.04,7.39,57.04,47.47,27.91,27.08,19.39,542.92,Normal
2025-03-02 22:00:00,South Solapur,95000,6200,7.93,Poultry_Litter,455,38.0,7.6,57.44,51.38,23.91,29.51,21.13,591.64,Normal
2025-03-02 23:00:00,Solapur Market,185000,22000,6.59,Poultry_Litter,500,38.17,6.56,61.07,48.34,21.47,29.52,21.14,591.92,Critical
2025-03-03 00:00:00,South Solapur,210000,42000,9.98,Veg_Market_Waste,425,39.81,6.45,56.15,40.15,20.86,22.54,16.14,451.92,Critical
2025-03-03 01:00:00,Rural Fringe,145000,18500,8.02,Mixed_Organic,539,39.39,7.16,63.87,48.49,19.71,30.97,22.17,620.76,Normal
2025-03-03 02:00:00,Rural Fringe,210000,18500,7.66,Mixed_Organic,459,39.66,6.98,59.72,57.42,29.14,34.29,24.55,687.4,Warning
2025-03-03 03:00:00,Rural Fringe,210000,18500,8.23,Sugarcane_Press_Mud,433,39.26,7.09,58.92,53.11,25.48,31.29,22.4,627.2,Normal
2025-03-03 04:00:00,Rural Fringe,185000,6200,3.15,Poultry_Litter,465,36.44,7.89,60.14,42.23,18.99,25.4,18.19,509.32,Normal
2025-03-03 05:00:00,Solapur Market,60000,22000,3.64,Cattle_Dung,471,36.6,7.86,55.83,58.64,22.97,32.74,23.44,656.32,Critical
2025-03-03 06:00:00,MIDC Area,210000,22000,7.71,Poultry_Litter,527,38.11,7.81,60.75,51.68,22.78,31.4,22.48,629.44,Normal
2025-03-03 07:00:00,North Solapur,95000,42000,5.95,Poultry_Litter,540,36.98,7.58,57.99,58.52,20.36,33.94,24.3,680.4,Normal
2025-03-03 08:00:00,Rural Fringe,60000,42000,8.04,Sugarcane_Press_Mud,547,37.91,6.93,63.87,52.76,23.66,33.7,24.13,675.64,Warning
2025-03-03 09:00:00,South Solapur,145000,18500,2.82,Cattle_Dung,539,37.58,7.02,55.86,52.31,22.32,29.22,20.92,585.76,Critical
2025-03-03 10:00:00,Rural Fringe,185000,42000,6.29,Sugarcane_Press_Mud,476,38.2,7.22,59.58,42.32,22.44,25.21,18.05,505.4,Normal
2025-03-03 11:00:00,South Solapur,145000,6200,5.03,Cattle_Dung,381,38.99,7.65,60.58,43.68,27.61,26.46,18.95,530.6,Normal
2025-03-03 12:00:00,South Solapur,60000,22000,5.66,Veg_Market_Waste,412,38.86,6.5,54.37,61.38,20.9,33.37,23.89,668.92,Critical
2025-03-03 13:00:00,Rural Fringe,60000,18500,6.83,Cattle_Dung,537,38.08,7.04,58.0,45.03,26.34,26.12,18.7,523.6,Normal
2025-03-03 14:00:00,Solapur Market,60000,42000,6.02,Sugarcane_Press_Mud,540,39.29,6.52,62.06,61.5,25.42,38.17,27.33,765.24,Critical
2025-03-03 15:00:00,South Solapur,145000,6200,6.32,Poultry_Litter,456,37.72,7.17,63.02,51.7,25.39,32.58,23.33,653.24,Normal
2025-03-03 16:00:00,South Solapur,60000,6200,5.89,Cattle_Dung,495,39.59,7.75,57.44,42.99,26.62,24.69,17.68,495.04,Normal
2025-03-03 17:00:00,Rural Fringe,145000,42000,5.27,Cattle_Dung,533,36.29,7.57,62.78,42.18,25.13,26.48,18.96,530.88,Normal
2025-03-03 18:00:00,South Solapur,60000,22000,8.18,Mixed_Organic,529,39.82,6.74,64.65,44.6,29.43,28.83,20.64,577.92,Warning
2025-03-03 19:00:00,South Solapur,95000,42000,2.1,Poultry_Litter,482,38.62,7.86,63.43,60.36,26.78,38.29,27.42,767.76,Normal
2025-03-03 20:00:00,Rural Fringe,60000,18500,6.79,Veg_Market_Waste,545,37.52,7.4,55.29,49.11,25.11,27.15,19.44,544.32,Critical
2025-03-03 21:00:00,Rural Fringe,145000,42000,6.52,Sugarcane_Press_Mud,482,36.79,6.42,62.14,48.7,28.79,30.26,21.67,606.76,Critical
2025-03-03 22:00:00,North Solapur,210000,6200,7.73,Veg_Market_Waste,469,37.92,6.78,57.52,46.89,25.88,26.97,19.31,540.68,Warning
2025-03-03 23:00:00,Solapur Market,60000,42000,6.79,Poultry_Litter,553,36.78,6.79,64.87,43.24,21.78,28.05,20.08,562.24,Warning
2025-03-04 00:00:00,Solapur Market,210000,22000,8.61,Cattle_Dung,501,36.67,6.5,59.34,50.73,20.69,30.1,21.55,603.4,Critical
2025-03-04 01:00:00,South Solapur,95000,55000,9.67,Cattle_Dung,522,38.47,7.84,55.35,42.86,19.98,23.72,16.98,475.44,Critical
2025-03-04 02:00:00,Solapur Market,185000,42000,4.74,Poultry_Litter,485,38.09,7.12,61.98,58.38,29.69,36.18,25.9,725.2,Normal
2025-03-04 03:00:00,South Solapur,95000,22000,3.82,Cattle_Dung,498,38.68,7.74,57.55,48.15,27.23,27.71,19.84,555.52,Normal
2025-03-04 04:00:00,North Solapur,60000,22000,5.39,Cattle_Dung,551,39.72,6.88,64.97,48.25,30.19,31.35,22.45,628.6,Warning
2025-03-04 05:00:00,Rural Fringe,210000,6200,4.3,Cattle_Dung,428,38.13,6.59,64.78,50.43,25.84,32.67,23.39,654.92,Critical
2025-03-04 06:00:00,Rural Fringe,210000,22000,6.92,Sugarcane_Press_Mud,483,38.32,7.11,61.22,49.77,24.15,30.47,21.82,610.96,Normal
2025-03-04 07:00:00,Rural Fringe,145000,22000,9.29,Sugarcane_Press_Mud,440,36.36,6.57,55.43,61.89,18.78,34.31,24.57,687.96,Critical
2025-03-04 08:00:00,Solapur Market,210000,22000,3.11,Mixed_Organic,502,38.87,7.13,61.56,52.0,26.73,32.01,22.92,641.76,Normal
2025-03-04 09:00:00,North Solapur,145000,22000,2.81,Veg_Market_Waste,513,37.6,7.78,55.02,41.94,25.57,23.08,16.53,462.84,Critical
2025-03-04 10:00:00,Solapur Market,185000,18500,4.05,Poultry_Litter,388,39.91,7.18,54.32,53.35,30.87,28.98,20.75,581.0,Critical
2025-03-04 11:00:00,Solapur Market,60000,18500,7.81,Poultry_Litter,385,39.29,7.32,63.05,43.33,21.11,27.32,19.56,547.68,Normal
2025-03-04 12:00:00,North Solapur,145000,6200,6.74,Poultry_Litter,452,38.09,6.63,56.31,40.68,24.9,22.91,16.4,459.2,Critical
2025-03-04 13:00:00,North Solapur,185000,42000,2.82,Mixed_Organic,482,36.49,6.47,58.17,61.36,26.46,35.69,25.55,715.4,Critical
2025-03-04 14:00:00,North Solapur,210000,22000,9.35,Sugarcane_Press_Mud,539,39.44,6.57,64.71,57.02,26.38,36.9,26.42,739.76,Critical
2025-03-04 15:00:00,North Solapur,210000,42000,8.32,Mixed_Organic,420,39.2,7.3,57.71,61.56,25.3,35.53,25.44,712.32,Normal
2025-03-04 16:00:00,Rural Fringe,185000,42000,2.18,Poultry_Litter,493,36.74,6.54,57.26,50.51,28.1,28.92,20.71,579.88,Critical
2025-03-04 17:00:00,MIDC Area,210000,6200,7.21,Veg_Market_Waste,387,37.18,6.96,64.1,51.71,20.66,33.15,23.74,664.72,Warning
2025-03-04 18:00:00,MIDC Area,185000,22000,8.17,Cattle_Dung,451,39.17,7.23,55.22,43.7,27.43,24.13,17.28,483.84,Critical
2025-03-04 19:00:00,North Solapur,145000,22000,5.0,Sugarcane_Press_Mud,557,36.74,6.98,62.36,45.43,26.06,28.33,20.28,567.84,Warning
2025-03-04 20:00:00,MIDC Area,145000,55000,2.55,Sugarcane_Press_Mud,471,39.67,6.65,64.87,58.45,29.65,37.92,27.15,760.2,Critical
2025-03-04 21:00:00,MIDC Area,185000,42000,2.62,Mixed_Organic,441,37.7,6.81,63.91,47.84,29.01,30.57,21.89,612.92,Warning
2025-03-04 22:00:00,North Solapur,145000,42000,2.83,Sugarcane_Press_Mud,463,36.35,7.79,61.17,58.19,22.1,35.59,25.48,713.44,Normal
2025-03-04 23:00:00,MIDC Area,145000,18500,8.72,Poultry_Litter,441,39.26,7.41,57.45,55.6,21.59,31.94,22.87,640.36,Normal
2025-03-05 00:00:00,Solapur Market,145000,55000,9.29,Poultry_Litter,490,37.49,7.14,56.8,43.9,30.76,24.94,17.86,500.08,Normal
2025-03-05 01:00:00,South Solapur,95000,18500,2.98,Mixed_Organic,506,38.11,6.42,63.01,51.16,24.85,32.24,23.08,646.24,Critical
2025-03-05 02:00:00,South Solapur,60000,18500,3.89,Poultry_Litter,386,36.45,7.89,63.68,54.9,29.78,34.96,25.03,700.84,Normal
2025-03-05 03:00:00,North Solapur,210000,18500,3.32,Veg_Market_Waste,463,36.01,7.41,59.78,45.17,20.13,27.0,19.33,541.24,Normal
2025-03-05 04:00:00,Rural Fringe,95000,6200,3.49,Mixed_Organic,511,38.55,6.88,56.69,58.28,26.36,33.04,23.66,662.48,Warning
2025-03-05 05:00:00,North Solapur,145000,6200,8.7,Veg_Market_Waste,513,38.06,7.72,55.24,51.99,28.53,28.72,20.56,575.68,Critical
2025-03-05 06:00:00,Rural Fringe,185000,18500,4.66,Cattle_Dung,437,38.37,6.79,54.96,43.64,30.32,23.98,17.17,480.76,Critical
2025-03-05 07:00:00,South Solapur,145000,55000,4.49,Veg_Market_Waste,401,39.17,7.22,61.91,52.83,22.39,32.71,23.42,655.76,Normal
2025-03-05 08:00:00,North Solapur,60000,42000,3.82,Cattle_Dung,533,38.59,7.35,58.62,61.99,27.42,36.34,26.02,728.56,Normal
2025-03-05 09:00:00,Solapur Market,145000,55000,6.86,Cattle_Dung,506,36.7,6.73,63.96,43.31,25.0,27.7,19.83,555.24,Warning
2025-03-05 10:00:00,MIDC Area,185000,22000,5.03,Veg_Market_Waste,382,37.44,7.87,62.14,57.97,18.79,36.02,25.79,722.12,Normal
2025-03-05 11:00:00,Rural Fringe,60000,6200,7.95,Mixed_Organic,506,39.62,7.52,56.1,44.56,26.97,25.0,17.9,501.2,Normal
2025-03-05 12:00:00,MIDC Area,145000,42000,3.64,Poultry_Litter,420,39.08,7.24,60.75,57.21,26.97,34.76,24.89,696.92,Normal
2025-03-05 13:00:00,MIDC Area,60000,42000,8.3,Poultry_Litter,485,38.23,6.67,58.79,56.16,30.1,33.02,23.64,661.92,Critical
2025-03-05 14:00:00,North Solapur,210000,22000,6.83,Cattle_Dung,393,37.02,6.48,60.35,46.61,24.47,28.13,20.14,563.92,Critical
2025-03-05 15:00:00,MIDC Area,210000,22000,2.91,Cattle_Dung,391,37.21,6.88,62.12,47.17,20.99,29.3,20.98,587.44,Warning
2025-03-05 16:00:00,Solapur Market,145000,18500,5.32,Mixed_Organic,466,38.93,7.53,62.87,57.44,18.58,36.11,25.85,723.8,Normal
2025-03-05 17:00:00,MIDC Area,60000,6200,8.91,Sugarcane_Press_Mud,391,39.4,6.8,63.28,50.15,23.4,31.73,22.72,636.16,Warning
2025-03-05 18:00:00,North Solapur,185000,6200,9.38,Veg_Market_Waste,520,38.69,7.21,56.79,56.08,21.92,31.85,22.8,638.4,Normal
2025-03-05 19:00:00,Solapur Market,145000,55000,5.73,Cattle_Dung,404,39.24,7.49,54.34,43.26,27.89,23.51,16.83,471.24,Critical
2025-03-05 20:00:00,South Solapur,210000,18500,5.85,Poultry_Litter,424,39.07,6.56,62.13,58.76,22.61,36.51,26.14,731.92,Critical
2025-03-05 21:00:00,MIDC Area,210000,18500,9.35,Mixed_Organic,501,36.6,7.43,55.17,55.64,30.34,30.7,21.98,615.44,Critical
2025-03-05 22:00:00,North Solapur,145000,18500,6.7,Veg_Market_Waste,526,37.7,6.54,57.46,59.95,30.51,34.45,24.67,690.76,Critical
2025-03-05 23:00:00,South Solapur,60000,18500,2.26,Mixed_Organic,434,36.61,7.85,54.04,42.91,26.07,23.19,16.6,464.8,Critical
2025-03-06 00:00:00,South Solapur,210000,6200,9.3,Veg_Market_Waste,479,36.94,7.13,61.5,53.05,30.07,32.63,23.36,654.08,Normal
2025-03-06 01:00:00,Rural Fringe,60000,6200,3.99,Veg_Market_Waste,552,39.48,6.63,55.84,53.18,27.89,29.7,21.27,595.56,Critical
2025-03-06 02:00:00,Solapur Market,210000,18500,6.62,Cattle_Dung,515,37.89,6.91,61.21,47.78,25.11,29.25,20.94,586.32,Warning
2025-03-06 03:00:00,MIDC Area,210000,55000,3.32,Mixed_Organic,498,38.14,7.02,64.91,50.09,20.34,32.51,23.28,651.84,Normal
2025-03-06 04:00:00,North Solapur,95000,42000,2.27,Mixed_Organic,432,36.71,7.54,54.8,40.84,23.96,22.38,16.02,448.56,Critical
2025-03-06 05:00:00,Rural Fringe,210000,42000,4.49,Poultry_Litter,411,37.25,7.52,54.85,56.41,25.29,30.94,22.15,620.2,Critical
2025-03-06 06:00:00,Solapur Market,185000,55000,8.24,Poultry_Litter,430,36.92,7.32,57.74,52.09,29.23,30.08,21.54,603.12,Normal
2025-03-06 07:00:00,Rural Fringe,145000,18500,4.22,Cattle_Dung,423,36.82,6.56,63.53,41.27,24.26,26.22,18.77,525.56,Critical
2025-03-06 08:00:00,Solapur Market,145000,6200,3.76,Cattle_Dung,461,38.55,6.63,56.37,54.98,29.67,30.99,22.19,621.32,Critical
2025-03-06 09:00:00,Solapur Market,60000,42000,3.7,Sugarcane_Press_Mud,525,37.03,6.54,57.96,50.27,26.77,29.14,20.86,584.08,Critical
2025-03-06 10:00:00,MIDC Area,210000,22000,6.12,Poultry_Litter,529,38.53,7.27,54.75,40.76,19.78,22.32,15.98,447.44,Critical
2025-03-06 11:00:00,Solapur Market,185000,22000,9.8,Veg_Market_Waste,416,36.23,7.72,62.39,61.33,30.93,38.26,27.39,766.92,Normal
2025-03-06 12:00:00,Rural Fringe,60000,55000,5.67,Mixed_Organic,475,36.57,7.05,58.49,60.88,24.85,35.61,25.5,714.0,Normal
2025-03-06 13:00:00,Solapur Market,95000,18500,6.46,Cattle_Dung,435,37.1,6.64,62.35,51.28,23.09,31.97,22.89,640.92,Critical
2025-03-06 14:00:00,MIDC Area,60000,42000,8.89,Mixed_Organic,484,38.39,7.24,63.94,42.06,26.57,26.89,19.25,539.0,Normal
2025-03-06 15:00:00,MIDC Area,60000,18500,6.28,Mixed_Organic,438,38.7,7.62,56.56,56.6,19.42,32.01,22.92,641.76,Normal
2025-03-06 16:00:00,Rural Fringe,210000,42000,3.48,Sugarcane_Press_Mud,510,37.77,7.51,62.88,50.82,26.28,31.96,22.88,640.64,Normal
2025-03-06 17:00:00,South Solapur,95000,55000,4.4,Poultry_Litter,535,37.78,7.72,54.65,46.65,24.48,25.49,18.25,511.0,Critical
2025-03-06 18:00:00,South Solapur,60000,55000,4.48,Cattle_Dung,414,38.9,6.82,63.89,50.81,23.29,32.46,23.24,650.72,Warning
2025-03-06 19:00:00,Solapur Market,185000,22000,5.18,Mixed_Organic,472,36.06,6.69,61.16,51.49,30.39,31.49,22.55,631.4,Critical
2025-03-06 20:00:00,North Solapur,185000,18500,5.41,Cattle_Dung,476,37.36,7.72,63.62,52.38,24.79,33.32,23.86,668.08,Normal
2025-03-06 21:00:00,Solapur Market,145000,22000,8.4,Veg_Market_Waste,514,39.27,7.39,54.0,49.71,20.85,26.84,19.22,538.16,Critical
2025-03-06 22:00:00,Rural Fringe,95000,18500,4.8,Sugarcane_Press_Mud,455,38.41,6.87,55.86,53.33,23.97,29.79,21.33,597.24,Critical
2025-03-06 23:00:00,Rural Fringe,95000,22000,5.75,Veg_Market_Waste,428,37.35,7.51,58.29,60.21,29.95,35.1,25.13,703.64,Normal
2025-03-07 00:00:00,Rural Fringe,145000,6200,7.0,Cattle_Dung,473,39.62,7.62,58.17,47.97,20.29,27.9,19.98,559.44,Normal
2025-03-07 01:00:00,Rural Fringe,60000,6200,5.02,Cattle_Dung,538,39.09,7.32,56.49,55.97,20.78,31.62,22.64,633.92,Normal
2025-03-07 02:00:00,Rural Fringe,95000,6200,8.69,Poultry_Litter,403,37.06,7.43,58.2,59.68,18.17,34.73,24.87,696.36,Normal
2025-03-07 03:00:00,MIDC Area,185000,6200,6.7,Mixed_Organic,527,38.58,6.96,55.42,50.03,18.18,27.73,19.85,555.8,Critical
2025-03-07 04:00:00,South Solapur,185000,42000,4.35,Mixed_Organic,416,38.38,7.21,58.54,49.76,28.78,29.13,20.86,584.08,Normal
2025-03-07 05:00:00,Rural Fringe,210000,6200,7.71,Veg_Market_Waste,383,37.6,7.19,62.83,53.25,27.52,33.46,23.96,670.88,Normal
2025-03-07 06:00:00,North Solapur,95000,55000,6.22,Sugarcane_Press_Mud,487,37.47,7.67,59.27,53.01,22.62,31.42,22.5,630.0,Normal
2025-03-07 07:00:00,North Solapur,60000,55000,6.28,Mixed_Organic,505,37.37,7.66,54.2,57.74,27.08,31.3,22.41,627.48,Critical
2025-03-07 08:00:00,North Solapur,145000,42000,5.85,Poultry_Litter,399,38.47,7.65,58.64,50.48,23.14,29.6,21.19,593.32,Normal
2025-03-07 09:00:00,North Solapur,145000,6200,5.98,Veg_Market_Waste,531,37.77,6.42,54.3,61.91,30.39,33.62,24.07,673.96,Critical
2025-03-07 10:00:00,MIDC Area,60000,6200,8.12,Veg_Market_Waste,429,39.33,7.52,64.63,41.31,30.57,26.7,19.12,535.36,Normal
2025-03-07 11:00:00,North Solapur,210000,6200,2.82,Poultry_Litter,556,38.68,7.54,55.4,40.07,23.11,22.2,15.9,445.2,Critical
2025-03-07 12:00:00,Rural Fringe,145000,22000,4.67,Sugarcane_Press_Mud,558,36.28,7.42,61.78,54.08,29.1,33.41,23.92,669.76,Normal
2025-03-07 13:00:00,Solapur Market,95000,18500,2.6,Poultry_Litter,475,38.56,7.53,64.7,46.57,28.05,30.13,21.57,603.96,Normal
2025-03-07 14:00:00,North Solapur,210000,22000,8.03,Sugarcane_Press_Mud,484,37.08,7.66,63.09,45.29,22.03,28.57,20.46,572.88,Normal
2025-03-07 15:00:00,MIDC Area,95000,18500,4.18,Poultry_Litter,543,38.37,7.11,61.69,46.86,21.02,28.91,20.7,579.6,Normal
2025-03-07 16:00:00,MIDC Area,185000,6200,9.18,Poultry_Litter,496,38.72,7.15,63.23,45.63,23.96,28.85,20.66,578.48,Normal
2025-03-07 17:00:00,North Solapur,210000,6200,6.21,Cattle_Dung,477,36.92,6.59,64.8,40.68,28.16,26.36,18.87,528.36,Critical
2025-03-07 18:00:00,Solapur Market,145000,22000,8.41,Veg_Market_Waste,445,37.83,6.98,60.83,61.37,30.48,37.33,26.73,748.44,Warning
2025-03-07 19:00:00,North Solapur,210000,22000,9.83,Poultry_Litter,458,36.76,7.37,60.15,44.86,27.93,26.98,19.32,540.96,Normal
2025-03-07 20:00:00,MIDC Area,210000,18500,8.72,Poultry_Litter,541,36.21,7.57,60.91,56.15,29.12,34.2,24.49,685.72,Normal
2025-03-07 21:00:00,South Solapur,210000,55000,8.94,Mixed_Organic,543,37.51,6.73,59.86,56.78,25.84,33.99,24.34,681.52,Warning
2025-03-07 22:00:00,Rural Fringe,210000,18500,5.26,Veg_Market_Waste,385,37.45,6.61,60.99,60.44,28.86,36.86,26.39,738.92,Critical
2025-03-07 23:00:00,MIDC Area,95000,22000,6.41,Mixed_Organic,418,39.98,7.39,58.95,40.67,28.2,23.97,17.16,480.48,Normal
2025-03-08 00:00:00,North Solapur,185000,22000,4.03,Veg_Market_Waste,549,37.79,6.4,56.4,59.19,22.9,33.38,23.9,669.2,Critical
2025-03-08 01:00:00,Rural Fringe,60000,42000,3.57,Mixed_Organic,494,37.33,6.67,55.32,51.6,25.18,28.55,20.44,572.32,Critical
2025-03-08 02:00:00,North Solapur,210000,22000,6.04,Poultry_Litter,504,38.32,6.44,54.75,53.92,28.46,29.52,21.14,591.92,Critical
2025-03-08 03:00:00,North Solapur,145000,42000,6.76,Poultry_Litter,391,36.36,6.65,56.9,54.18,18.6,30.83,22.07,617.96,Critical
2025-03-08 04:00:00,South Solapur,210000,55000,4.71,Cattle_Dung,510,39.85,6.67,54.51,58.04,28.51,31.64,22.65,634.2,Critical
2025-03-08 05:00:00,Rural Fringe,145000,18500,6.56,Mixed_Organic,397,38.54,6.98,60.24,47.33,20.31,28.51,20.41,571.48,Warning
2025-03-08 06:00:00,Rural Fringe,95000,18500,9.1,Sugarcane_Press_Mud,419,39.02,7.0,57.12,56.13,24.69,32.06,22.95,642.6,Normal
2025-03-08 07:00:00,South Solapur,145000,42000,6.45,Cattle_Dung,400,36.68,7.71,63.07,51.63,28.51,32.56,23.31,652.68,Normal
2025-03-08 08:00:00,MIDC Area,60000,18500,7.77,Mixed_Organic,522,37.64,7.17,54.82,57.45,21.3,31.49,22.55,631.4,Critical
2025-03-08 09:00:00,North Solapur,185000,22000,8.44,Mixed_Organic,478,37.69,7.49,56.49,61.79,21.2,34.91,25.0,700.0,Normal
2025-03-08 10:00:00,Solapur Market,145000,6200,9.91,Cattle_Dung,405,39.29,6.56,62.03,44.41,23.24,27.55,19.73,552.44,Critical
2025-03-08 11:00:00,North Solapur,145000,42000,6.83,Poultry_Litter,387,36.0,6.74,60.59,61.88,29.63,37.49,26.84,751.52,Warning
2025-03-08 12:00:00,North Solapur,185000,18500,8.45,Mixed_Organic,479,37.2,7.45,54.71,41.98,18.01,22.97,16.45,460.6,Critical
2025-03-08 13:00:00,MIDC Area,60000,42000,9.7,Poultry_Litter,466,39.92,6.48,63.65,40.05,29.72,25.49,18.25,511.0,Critical
2025-03-08 14:00:00,North Solapur,210000,42000,9.56,Cattle_Dung,421,37.9,7.13,63.65,40.97,20.0,26.08,18.67,522.76,Normal
2025-03-08 15:00:00,South Solapur,145000,6200,3.13,Poultry_Litter,551,37.53,7.3,57.63,47.52,30.87,27.39,19.61,549.08,Normal
2025-03-08 16:00:00,South Solapur,185000,22000,5.25,Veg_Market_Waste,393,36.48,7.3,57.74,53.92,30.41,31.13,22.29,624.12,Normal
2025-03-08 17:00:00,Rural Fringe,95000,42000,4.59,Sugarcane_Press_Mud,457,39.9,6.43,64.88,41.52,24.43,26.94,19.29,540.12,Critical
2025-03-08 18:00:00,Solapur Market,185000,18500,2.7,Mixed_Organic,381,36.08,6.88,60.89,40.12,24.67,24.43,17.49,489.72,Warning
2025-03-08 19:00:00,North Solapur,95000,55000,7.07,Sugarcane_Press_Mud,498,38.95,7.35,59.84,60.62,24.26,36.28,25.98,727.44,Normal
2025-03-08 20:00:00,North Solapur,60000,42000,7.89,Poultry_Litter,416,39.07,6.62,63.22,58.08,26.26,36.72,26.29,736.12,Critical
2025-03-08 21:00:00,MIDC Area,210000,42000,8.79,Mixed_Organic,448,36.97,7.44,57.14,57.8,19.18,33.03,23.65,662.2,Normal
2025-03-08 22:00:00,South Solapur,185000,6200,2.98,Poultry_Litter,545,38.69,7.52,58.72,59.46,18.42,34.91,25.0,700.0,Normal
2025-03-08 23:00:00,Solapur Market,145000,22000,9.01,Veg_Market_Waste,420,36.37,7.87,56.95,55.4,18.75,31.55,22.59,632.52,Normal
2025-03-09 00:00:00,Rural Fringe,60000,55000,7.14,Cattle_Dung,441,37.03,6.71,62.68,42.3,23.78,26.51,18.98,531.44,Warning
2025-03-09 01:00:00,South Solapur,185000,18500,7.63,Mixed_Organic,439,39.15,7.64,60.31,48.78,21.58,29.42,21.06,589.68,Normal
2025-03-09 02:00:00,Rural Fringe,145000,55000,9.28,Veg_Market_Waste,504,39.46,7.18,61.25,55.91,26.09,34.24,24.52,686.56,Normal
2025-03-09 03:00:00,MIDC Area,185000,18500,7.0,Veg_Market_Waste,490,38.43,6.96,56.78,46.17,30.9,26.22,18.77,525.56,Warning
2025-03-09 04:00:00,MIDC Area,95000,22000,4.69,Mixed_Organic,393,38.03,6.58,56.42,55.12,23.02,31.1,22.27,623.56,Critical
2025-03-09 05:00:00,North Solapur,185000,18500,8.6,Poultry_Litter,463,36.64,7.5,59.37,40.54,25.46,24.07,17.23,482.44,Normal
2025-03-09 06:00:00,Solapur Market,185000,6200,4.9,Veg_Market_Waste,509,36.25,6.75,62.11,46.74,23.4,29.03,20.79,582.12,Warning
2025-03-09 07:00:00,Rural Fringe,185000,6200,2.27,Sugarcane_Press_Mud,449,36.47,6.96,59.78,52.08,29.01,31.13,22.29,624.12,Warning
2025-03-09 08:00:00,South Solapur,60000,6200,8.65,Veg_Market_Waste,524,36.91,6.49,54.36,53.91,29.73,29.31,20.99,587.72,Critical
2025-03-09 09:00:00,MIDC Area,185000,6200,4.76,Poultry_Litter,502,37.37,7.6,63.55,52.69,29.41,33.48,23.97,671.16,Normal
2025-03-09 10:00:00,North Solapur,145000,55000,8.19,Poultry_Litter,468,37.52,7.55,54.71,55.35,30.67,30.28,21.68,607.04,Critical
2025-03-09 11:00:00,North Solapur,95000,22000,4.9,Sugarcane_Press_Mud,407,37.39,7.5,64.51,40.13,18.36,25.89,18.54,519.12,Normal
2025-03-09 12:00:00,Rural Fringe,95000,18500,8.89,Veg_Market_Waste,445,36.96,6.85,54.28,42.22,28.92,22.92,16.41,459.48,Critical
2025-03-09 13:00:00,MIDC Area,185000,18500,3.76,Poultry_Litter,542,38.04,6.66,61.64,59.12,27.77,36.44,26.09,730.52,Critical
2025-03-09 14:00:00,Solapur Market,60000,6200,9.8,Mixed_Organic,384,39.3,7.36,54.9,55.0,20.97,30.2,21.62,605.36,Critical
2025-03-09 15:00:00,MIDC Area,60000,6200,8.24,Cattle_Dung,547,37.12,7.14,64.02,42.48,30.43,27.2,19.48,545.44,Normal
2025-03-09 16:00:00,Rural Fringe,145000,42000,2.91,Cattle_Dung,543,39.77,6.67,59.11,58.53,19.93,34.6,24.77,693.56,Critical
2025-03-09 17:00:00,Rural Fringe,185000,22000,6.53,Cattle_Dung,424,39.49,7.43,55.51,45.33,26.83,25.16,18.01,504.28,Critical
2025-03-09 18:00:00,MIDC Area,95000,55000,9.88,Veg_Market_Waste,530,36.65,7.89,57.75,50.52,20.92,29.18,20.89,584.92,Normal
2025-03-09 19:00:00,Rural Fringe,60000,18500,5.77,Sugarcane_Press_Mud,426,39.15,7.52,55.81,43.19,23.61,24.1,17.26,483.28,Critical
2025-03-09 20:00:00,MIDC Area,185000,42000,3.46,Poultry_Litter,410,38.3,7.51,55.88,55.62,27.35,31.08,22.25,623.0,Critical
2025-03-09 21:00:00,South Solapur,60000,42000,5.88,Mixed_Organic,518,38.27,7.83,64.43,54.67,25.32,35.22,25.22,706.16,Normal
2025-03-09 22:00:00,MIDC Area,60000,18500,6.1,Mixed_Organic,389,37.56,6.7,58.9,44.64,23.56,26.29,18.82,526.96,Warning
2025-03-09 23:00:00,MIDC Area,95000,55000,7.93,Veg_Market_Waste,497,38.0,7.25,62.68,58.99,22.24,36.97,26.47,741.16,Normal
2025-03-10 00:00:00,Rural Fringe,210000,42000,7.59,Cattle_Dung,393,37.59,7.87,61.04,48.83,28.92,29.81,21.34,597.52,Normal
2025-03-10 01:00:00,Rural Fringe,145000,42000,5.22,Veg_Market_Waste,459,38.16,6.65,61.44,46.44,19.87,28.53,20.43,572.04,Critical
2025-03-10 02:00:00,North Solapur,145000,22000,3.74,Sugarcane_Press_Mud,472,38.51,7.45,55.45,43.35,23.59,24.04,17.21,481.88,Critical
2025-03-10 03:00:00,North Solapur,95000,55000,7.16,Sugarcane_Press_Mud,389,38.7,7.28,56.58,45.86,29.75,25.95,18.58,520.24,Normal
2025-03-10 04:00:00,South Solapur,60000,42000,5.37,Poultry_Litter,455,38.13,7.28,62.65,40.48,29.0,25.36,18.16,508.48,Normal
2025-03-10 05:00:00,North Solapur,185000,55000,3.06,Poultry_Litter,473,38.89,7.45,64.68,52.83,23.21,34.17,24.47,685.16,Normal
2025-03-10 06:00:00,MIDC Area,60000,18500,9.2,Sugarcane_Press_Mud,484,36.57,7.79,56.89,58.53,27.92,33.3,23.84,667.52,Normal
2025-03-10 07:00:00,Rural Fringe,95000,6200,7.53,Sugarcane_Press_Mud,380,36.85,7.57,56.99,52.08,28.7,29.68,21.25,595.0,Normal
2025-03-10 08:00:00,North Solapur,145000,42000,7.47,Sugarcane_Press_Mud,512,39.27,6.48,59.2,44.82,29.56,26.53,19.0,532.0,Critical
2025-03-10 09:00:00,North Solapur,60000,22000,8.58,Veg_Market_Waste,399,37.29,7.68,64.82,40.74,25.08,26.41,18.91,529.48,Normal
2025-03-10 10:00:00,South Solapur,145000,18500,6.24,Sugarcane_Press_Mud,387,36.09,6.74,56.96,44.72,20.66,25.47,18.24,510.72,Warning
2025-03-10 11:00:00,South Solapur,185000,55000,8.52,Mixed_Organic,550,36.62,6.97,58.48,49.15,21.32,28.74,20.58,576.24,Warning
2025-03-10 12:00:00,MIDC Area,145000,18500,5.98,Cattle_Dung,380,36.89,7.09,63.81,56.71,21.84,36.19,25.91,725.48,Normal
2025-03-10 13:00:00,Rural Fringe,145000,42000,2.54,Sugarcane_Press_Mud,436,39.83,7.12,54.03,44.13,25.72,23.84,17.07,477.96,Critical
2025-03-10 14:00:00,South Solapur,210000,55000,5.24,Cattle_Dung,443,38.29,7.05,54.44,55.84,18.43,30.4,21.77,609.56,Critical
2025-03-10 15:00:00,North Solapur,210000,6200,5.98,Veg_Market_Waste,497,39.73,7.81,60.64,59.07,26.27,35.82,25.65,718.2,Normal
2025-03-10 16:00:00,Rural Fringe,210000,18500,7.76,Cattle_Dung,407,38.3,7.46,63.98,49.99,22.74,31.98,22.9,641.2,Normal
2025-03-10 17:00:00,Rural Fringe,145000,42000,2.85,Veg_Market_Waste,500,37.92,7.35,56.63,58.07,21.84,32.89,23.55,659.4,Normal
2025-03-10 18:00:00,North Solapur,95000,22000,3.12,Mixed_Organic,486,37.25,6.47,59.17,52.2,29.43,30.89,22.12,619.36,Critical
2025-03-10 19:00:00,South Solapur,145000,55000,4.11,Veg_Market_Waste,544,38.43,7.76,58.96,54.02,23.98,31.85,22.8,638.4,Normal
2025-03-10 20:00:00,North Solapur,95000,18500,4.13,Veg_Market_Waste,554,36.56,7.76,59.2,51.58,19.24,30.54,21.87,612.36,Normal
2025-03-10 21:00:00,Rural Fringe,95000,18500,7.86,Poultry_Litter,544,39.59,7.57,60.85,50.19,28.75,30.54,21.87,612.36,Normal
2025-03-10 22:00:00,Solapur Market,210000,6200,4.01,Sugarcane_Press_Mud,428,39.32,6.41,59.17,45.16,18.62,26.72,19.13,535.64,Critical
2025-03-10 23:00:00,Solapur Market,60000,6200,7.06,Sugarcane_Press_Mud,499,37.27,6.49,58.92,46.67,27.45,27.5,19.69,551.32,Critical
2025-03-11 00:00:00,MIDC Area,185000,22000,5.95,Mixed_Organic,423,39.81,6.74,59.22,46.38,28.06,27.47,19.67,550.76,Warning
2025-03-11 01:00:00,North Solapur,210000,22000,6.59,Mixed_Organic,435,39.3,6.6,60.5,52.39,22.58,31.7,22.7,635.6,Critical
2025-03-11 02:00:00,North Solapur,210000,42000,8.7,Sugarcane_Press_Mud,535,38.67,7.0,59.91,42.64,28.72,25.55,18.29,512.12,Normal
2025-03-11 03:00:00,MIDC Area,60000,42000,5.24,Poultry_Litter,490,36.49,7.78,63.4,60.17,24.7,38.15,27.32,764.96,Normal
2025-03-11 04:00:00,MIDC Area,185000,22000,8.17,Sugarcane_Press_Mud,513,37.91,7.11,54.54,55.85,24.02,30.46,21.81,610.68,Critical
2025-03-11 05:00:00,MIDC Area,145000,22000,5.38,Poultry_Litter,487,38.02,6.42,63.17,48.83,18.59,30.85,22.09,618.52,Critical
2025-03-11 06:00:00,Rural Fringe,145000,55000,4.83,Mixed_Organic,527,36.93,6.82,63.28,43.49,21.77,27.52,19.7,551.6,Warning
2025-03-11 07:00:00,North Solapur,210000,6200,9.67,Cattle_Dung,493,36.32,6.47,57.13,59.4,30.1,33.94,24.3,680.4,Critical
2025-03-11 08:00:00,Rural Fringe,185000,42000,3.47,Mixed_Organic,457,39.11,6.45,59.09,58.12,23.09,34.34,24.59,688.52,Critical
2025-03-11 09:00:00,MIDC Area,210000,6200,2.72,Mixed_Organic,509,36.49,6.81,58.82,55.88,25.11,32.87,23.53,658.84,Warning
2025-03-11 10:00:00,North Solapur,95000,6200,8.17,Veg_Market_Waste,416,38.38,6.81,56.4,45.97,24.92,25.93,18.57,519.96,Warning
2025-03-11 11:00:00,Rural Fringe,210000,22000,2.55,Veg_Market_Waste,399,39.75,7.58,58.36,48.85,25.68,28.51,20.41,571.48,Normal
2025-03-11 12:00:00,Rural Fringe,210000,55000,8.7,Veg_Market_Waste,405,39.5,7.86,54.49,42.26,18.8,23.03,16.49,461.72,Critical
2025-03-11 13:00:00,MIDC Area,145000,18500,5.5,Veg_Market_Waste,408,37.11,6.96,57.06,44.16,22.71,25.2,18.04,505.12,Warning
2025-03-11 14:00:00,North Solapur,145000,55000,9.32,Poultry_Litter,380,39.41,7.04,62.98,57.23,27.4,36.04,25.8,722.4,Normal
2025-03-11 15:00:00,MIDC Area,145000,55000,7.77,Sugarcane_Press_Mud,498,36.0,7.67,57.13,55.73,20.61,31.84,22.8,638.4,Normal
2025-03-11 16:00:00,North Solapur,95000,6200,6.88,Cattle_Dung,414,36.07,6.8,63.0,53.06,20.65,33.43,23.94,670.32,Warning
2025-03-11 17:00:00,Solapur Market,145000,55000,9.59,Mixed_Organic,438,38.41,6.63,59.85,59.71,18.13,35.74,25.59,716.52,Critical
2025-03-11 18:00:00,South Solapur,185000,42000,5.17,Poultry_Litter,448,37.46,7.68,63.68,52.83,23.69,33.64,24.09,674.52,Normal
2025-03-11 19:00:00,South Solapur,60000,6200,9.63,Cattle_Dung,540,37.55,6.47,60.32,50.27,29.48,30.32,21.71,607.88,Critical
2025-03-11 20:00:00,South Solapur,185000,42000,3.08,Poultry_Litter,558,38.26,7.33,54.33,47.49,18.67,25.8,18.47,517.16,Critical
2025-03-11 21:00:00,MIDC Area,185000,18500,5.87,Poultry_Litter,391,36.77,7.24,61.43,60.69,20.48,37.28,26.69,747.32,Normal
2025-03-11 22:00:00,Solapur Market,145000,6200,4.16,Mixed_Organic,399,36.85,6.92,54.49,41.82,22.03,22.79,16.32,456.96,Critical
2025-03-11 23:00:00,North Solapur,60000,18500,6.32,Sugarcane_Press_Mud,422,37.94,6.87,58.96,60.48,27.51,35.66,25.53,714.84,Warning
2025-03-12 00:00:00,Rural Fringe,60000,6200,3.3,Veg_Market_Waste,505,39.02,7.56,64.22,58.19,26.33,37.37,26.76,749.28,Normal
2025-03-12 01:00:00,North Solapur,60000,22000,8.73,Sugarcane_Press_Mud,429,38.48,6.53,55.82,42.86,23.41,23.92,17.13,479.64,Critical
2025-03-12 02:00:00,Rural Fringe,95000,55000,8.77,Mixed_Organic,408,37.19,6.76,58.29,52.43,27.87,30.56,21.88,612.64,Warning
2025-03-12 03:00:00,North Solapur,145000,22000,9.64,Mixed_Organic,418,37.72,7.5,62.03,59.06,25.93,36.63,26.23,734.44,Normal
2025-03-12 04:00:00,Solapur Market,60000,18500,3.24,Mixed_Organic,550,36.68,7.22,63.7,52.58,29.65,33.49,23.98,671.44,Normal
2025-03-12 05:00:00,Rural Fringe,95000,55000,6.99,Cattle_Dung,557,36.3,6.59,61.38,59.96,28.63,36.8,26.35,737.8,Critical
2025-03-12 06:00:00,MIDC Area,210000,6200,5.79,Sugarcane_Press_Mud,530,39.13,7.72,56.84,60.75,21.29,34.53,24.72,692.16,Normal
2025-03-12 07:00:00,North Solapur,210000,55000,4.76,Sugarcane_Press_Mud,551,37.06,6.99,61.42,49.29,21.53,30.27,21.67,606.76,Warning
2025-03-12 08:00:00,North Solapur,95000,42000,4.81,Poultry_Litter,417,36.71,7.64,57.26,48.3,19.63,27.66,19.8,554.4,Normal
2025-03-12 09:00:00,Rural Fringe,95000,55000,5.3,Poultry_Litter,463,38.77,7.58,61.9,60.6,22.38,37.51,26.86,752.08,Normal
2025-03-12 10:00:00,MIDC Area,145000,42000,7.64,Poultry_Litter,530,38.47,7.34,64.49,54.85,30.99,35.37,25.32,708.96,Normal
2025-03-12 11:00:00,MIDC Area,145000,55000,6.79,Mixed_Organic,507,38.53,7.14,61.94,42.55,23.27,26.36,18.87,528.36,Normal
2025-03-12 12:00:00,Solapur Market,210000,42000,5.68,Sugarcane_Press_Mud,505,36.92,7.87,63.49,40.93,20.87,25.99,18.61,521.08,Normal
2025-03-12 13:00:00,MIDC Area,60000,18500,2.61,Mixed_Organic,424,36.93,6.62,54.02,52.42,27.91,28.32,20.28,567.84,Critical
2025-03-12 14:00:00,MIDC Area,210000,22000,2.62,Cattle_Dung,431,36.88,7.49,61.89,60.46,25.05,37.42,26.79,750.12,Normal
2025-03-12 15:00:00,MIDC Area,60000,6200,2.02,Poultry_Litter,459,36.7,6.69,63.13,58.57,19.94,36.98,26.48,741.44,Critical
2025-03-12 16:00:00,South Solapur,60000,55000,9.74,Mixed_Organic,557,38.62,6.91,54.45,54.87,22.95,29.88,21.39,598.92,Critical
2025-03-12 17:00:00,Solapur Market,145000,22000,2.04,Mixed_Organic,503,39.39,6.86,63.59,43.06,23.39,27.38,19.6,548.8,Warning
2025-03-12 18:00:00,North Solapur,185000,6200,2.82,Cattle_Dung,498,38.9,7.82,56.82,45.59,27.8,25.9,18.54,519.12,Normal
2025-03-12 19:00:00,Rural Fringe,185000,6200,4.52,Veg_Market_Waste,387,39.17,7.85,61.32,59.26,18.27,36.34,26.02,728.56,Normal
2025-03-12 20:00:00,North Solapur,95000,42000,8.46,Sugarcane_Press_Mud,464,37.62,6.67,62.8,44.02,21.5,27.64,19.79,554.12,Critical
2025-03-12 21:00:00,Solapur Market,145000,18500,9.7,Veg_Market_Waste,508,38.62,6.43,61.29,46.13,24.73,28.27,20.24,566.72,Critical
2025-03-12 22:00:00,Rural Fringe,60000,18500,8.32,Poultry_Litter,387,37.42,7.48,55.02,42.85,21.5,23.58,16.88,472.64,Critical
2025-03-12 23:00:00,Solapur Market,185000,22000,7.52,Mixed_Organic,536,38.1,7.03,60.56,54.87,26.17,33.23,23.79,666.12,Normal
2025-03-13 00:00:00,MIDC Area,60000,18500,6.17,Cattle_Dung,475,37.93,6.53,60.05,60.77,24.26,36.49,26.13,731.64,Critical
2025-03-13 01:00:00,Rural Fringe,185000,55000,2.69,Cattle_Dung,481,36.71,7.43,63.9,45.92,22.7,29.34,21.01,588.28,Normal
2025-03-13 02:00:00,MIDC Area,185000,18500,9.67,Sugarcane_Press_Mud,384,37.55,7.22,58.45,50.46,30.34,29.49,21.11,591.08,Normal
2025-03-13 03:00:00,North Solapur,185000,22000,8.07,Veg_Market_Waste,465,39.86,7.87,57.53,53.96,26.22,31.04,22.22,622.16,Normal
2025-03-13 04:00:00,North Solapur,145000,18500,7.11,Sugarcane_Press_Mud,554,36.99,6.74,62.25,61.99,19.69,38.59,27.63,773.64,Warning
2025-03-13 05:00:00,Rural Fringe,210000,55000,8.07,Mixed_Organic,413,36.54,7.01,58.54,42.31,25.28,24.77,17.74,496.72,Normal
2025-03-13 06:00:00,Rural Fringe,60000,42000,7.79,Sugarcane_Press_Mud,434,37.67,7.21,61.11,50.97,28.15,31.15,22.3,624.4,Normal
2025-03-13 07:00:00,Solapur Market,145000,22000,7.1,Cattle_Dung,498,39.16,7.59,61.11,48.47,27.21,29.62,21.21,593.88,Normal
2025-03-13 08:00:00,Solapur Market,145000,42000,9.84,Cattle_Dung,550,38.33,7.22,63.77,59.05,20.24,37.66,26.96,754.88,Normal
2025-03-13 09:00:00,MIDC Area,145000,42000,9.23,Poultry_Litter,537,38.72,7.32,60.59,50.47,30.64,30.58,21.9,613.2,Normal
2025-03-13 10:00:00,Rural Fringe,145000,42000,7.17,Poultry_Litter,493,36.76,6.74,59.52,42.44,23.83,25.26,18.09,506.52,Warning
2025-03-13 11:00:00,North Solapur,145000,6200,7.55,Mixed_Organic,524,38.48,7.67,55.53,53.96,20.07,29.96,21.45,600.6,Critical
